<?xml version="1.0" encoding="UTF-8"?>
<project-private xmlns="http://www.netbeans.org/ns/project-private/1">
    <editor-bookmarks xmlns="http://www.netbeans.org/ns/editor-bookmarks/2" lastBookmarkId="0"/>
    <open-files xmlns="http://www.netbeans.org/ns/projectui-open-files/2">
        <group>
            <file>file:/C:/Users/asus/Downloads/tubespbo4/web/mobileBanking.jsp</file>
            <file>file:/C:/Users/asus/Downloads/tubespbo4/web/payment.jsp</file>
            <file>file:/C:/Users/asus/Downloads/tubespbo4/src/java/servlets/editor.java</file>
            <file>file:/C:/Users/asus/Downloads/tubespbo4/src/java/servlets/creditCard.java</file>
            <file>file:/C:/Users/asus/Downloads/tubespbo4/web/login.jsp</file>
            <file>file:/C:/Users/asus/Downloads/tubespbo4/web/editor.jsp</file>
            <file>file:/C:/Users/asus/Downloads/tubespbo4/src/java/dao/DBconnection.java</file>
            <file>file:/C:/Users/asus/Downloads/tubespbo4/web/signup.jsp</file>
            <file>file:/C:/Users/asus/Downloads/tubespbo4/src/java/servlets/mobileBanking.java</file>
            <file>file:/C:/Users/asus/Downloads/tubespbo4/web/main.jsp</file>
            <file>file:/C:/Users/asus/Downloads/tubespbo4/web/viewer.jsp</file>
            <file>file:/C:/Users/asus/Downloads/tubespbo4/src/java/models/User.java</file>
            <file>file:/C:/Users/asus/Downloads/tubespbo4/web/paymentStatus.jsp</file>
            <file>file:/C:/Users/asus/Downloads/tubespbo4/web/creditCard.jsp</file>
            <file>file:/C:/Users/asus/Downloads/tubespbo4/src/java/servlets/adminLogin.java</file>
            <file>file:/C:/Users/asus/Downloads/tubespbo4/src/java/models/Customer.java</file>
            <file>file:/C:/Users/asus/Downloads/tubespbo4/web/logout.jsp</file>
            <file>file:/C:/Users/asus/Downloads/tubespbo4/web/admin.jsp</file>
            <file>file:/C:/Users/asus/Downloads/tubespbo4/src/java/servlets/login.java</file>
            <file>file:/C:/Users/asus/Downloads/tubespbo4/web/index.jsp</file>
            <file>file:/C:/Users/asus/Downloads/tubespbo4/src/java/servlets/signup.java</file>
            <file>file:/C:/Users/asus/Downloads/tubespbo4/src/java/models/Admin.java</file>
        </group>
    </open-files>
</project-private>
