<?xml version="1.0" encoding="UTF-8"?>
<project-private xmlns="http://www.netbeans.org/ns/project-private/1">
    <editor-bookmarks xmlns="http://www.netbeans.org/ns/editor-bookmarks/2" lastBookmarkId="0"/>
    <open-files xmlns="http://www.netbeans.org/ns/projectui-open-files/2">
        <group>
            <file>file:/C:/Users/hp/Documents/tes%20pbo/tubespbo6/tubespbo4/src/java/servlets/FlightServlet.java</file>
            <file>file:/C:/Users/hp/Documents/tes%20pbo/tubespbo6/tubespbo4/web/bus.jsp</file>
            <file>file:/C:/Users/hp/Documents/tes%20pbo/tubespbo6/tubespbo4/src/java/models/Ticket.java</file>
            <file>file:/C:/Users/hp/Documents/tes%20pbo/tubespbo6/tubespbo4/web/payment.jsp</file>
            <file>file:/C:/Users/hp/Documents/tes%20pbo/tubespbo6/tubespbo4/src/java/models/Flight.java</file>
            <file>file:/C:/Users/hp/Documents/tes%20pbo/tubespbo6/tubespbo4/web/main.jsp</file>
            <file>file:/C:/Users/hp/Documents/tes%20pbo/tubespbo6/tubespbo4/web/flight.jsp</file>
        </group>
    </open-files>
</project-private>
