<?xml version="1.0" encoding="UTF-8"?>
<project-private xmlns="http://www.netbeans.org/ns/project-private/1">
    <editor-bookmarks xmlns="http://www.netbeans.org/ns/editor-bookmarks/2" lastBookmarkId="0"/>
    <open-files xmlns="http://www.netbeans.org/ns/projectui-open-files/2">
        <group>
            <file>file:/C:/Users/zitas/Downloads/tubespbo18/tubespbo18/web/paymentBus.jsp</file>
            <file>file:/C:/Users/zitas/Downloads/tubespbo18/tubespbo18/web/payment.jsp</file>
            <file>file:/C:/Users/zitas/Downloads/tubespbo18/tubespbo18/src/java/servlets/PaymentServlet.java</file>
            <file>file:/C:/Users/zitas/Downloads/tubespbo18/tubespbo18/src/java/models/PaymentBus.java</file>
            <file>file:/C:/Users/zitas/Downloads/tubespbo18/tubespbo18/web/mbanking.jsp</file>
            <file>file:/C:/Users/zitas/Downloads/tubespbo18/tubespbo18/web/riwayat.jsp</file>
            <file>file:/C:/Users/zitas/Downloads/tubespbo18/tubespbo18/web/creditcard.jsp</file>
            <file>file:/C:/Users/zitas/Downloads/tubespbo18/tubespbo18/src/java/dao/DBconnection.java</file>
            <file>file:/C:/Users/zitas/Downloads/tubespbo18/tubespbo18/src/java/servlets/PaymentBusServlet.java</file>
        </group>
    </open-files>
</project-private>
