<?xml version="1.0" encoding="UTF-8"?>
<project-private xmlns="http://www.netbeans.org/ns/project-private/1">
    <editor-bookmarks xmlns="http://www.netbeans.org/ns/editor-bookmarks/2" lastBookmarkId="0"/>
    <open-files xmlns="http://www.netbeans.org/ns/projectui-open-files/2">
        <group>
            <file>file:/D:/Documents/progres%20tubes%20pbo/tubespbo4/tubespbo4/src/java/servlets/payment.java</file>
            <file>file:/D:/Documents/progres%20tubes%20pbo/tubespbo4/tubespbo4/web/mobilebank.jsp</file>
            <file>file:/D:/Documents/progres%20tubes%20pbo/tubespbo4/tubespbo4/src/java/servlets/editor.java</file>
            <file>file:/D:/Documents/progres%20tubes%20pbo/tubespbo4/tubespbo4/web/viewer.jsp</file>
            <file>file:/D:/Documents/progres%20tubes%20pbo/tubespbo4/tubespbo4/web/creditcard.jsp</file>
            <file>file:/D:/Documents/progres%20tubes%20pbo/tubespbo4/tubespbo4/web/statuspayment.jsp</file>
            <file>file:/D:/Documents/progres%20tubes%20pbo/tubespbo4/tubespbo4/web/payment.jsp</file>
            <file>file:/D:/Documents/progres%20tubes%20pbo/tubespbo4/tubespbo4/src/java/servlets/login.java</file>
            <file>file:/D:/Documents/progres%20tubes%20pbo/tubespbo4/tubespbo4/src/java/models/payment.java</file>
        </group>
    </open-files>
</project-private>
