<?xml version="1.0" encoding="UTF-8"?>
<project-private xmlns="http://www.netbeans.org/ns/project-private/1">
    <editor-bookmarks xmlns="http://www.netbeans.org/ns/editor-bookmarks/2" lastBookmarkId="0"/>
    <open-files xmlns="http://www.netbeans.org/ns/projectui-open-files/2">
        <group>
            <file>file:/D:/Downloads/tubespbo16%20(1)/tubespbo16/web/paymentBus.jsp</file>
            <file>file:/D:/Downloads/tubespbo16%20(1)/tubespbo16/web/payment.jsp</file>
            <file>file:/D:/Downloads/tubespbo16%20(1)/tubespbo16/web/mbanking.jsp</file>
            <file>file:/D:/Downloads/tubespbo16%20(1)/tubespbo16/src/java/models/PaymentBus.java</file>
            <file>file:/D:/Downloads/tubespbo16%20(1)/tubespbo16/src/java/servlets/PaymentBusServlet.java</file>
            <file>file:/D:/Downloads/tubespbo16%20(1)/tubespbo16/web/bus.jsp</file>
            <file>file:/D:/Downloads/tubespbo16%20(1)/tubespbo16/web/flight.jsp</file>
            <file>file:/D:/Downloads/tubespbo16%20(1)/tubespbo16/web/creditcard.jsp</file>
            <file>file:/D:/Downloads/tubespbo16%20(1)/tubespbo16/web/paymentStatus.jsp</file>
        </group>
    </open-files>
</project-private>
