<?xml version="1.0" encoding="UTF-8"?>
<project-private xmlns="http://www.netbeans.org/ns/project-private/1">
    <editor-bookmarks xmlns="http://www.netbeans.org/ns/editor-bookmarks/2" lastBookmarkId="0"/>
    <open-files xmlns="http://www.netbeans.org/ns/projectui-open-files/2">
        <group>
            <file>file:/D:/tubespbo6/tubespbo4/web/bus.jsp</file>
            <file>file:/D:/tubespbo6/tubespbo4/web/payment.jsp</file>
            <file>file:/D:/tubespbo6/tubespbo4/src/java/servlets/ProcessPaymentServlet.java</file>
            <file>file:/D:/tubespbo6/tubespbo4/src/java/models/Passenger.java</file>
            <file>file:/D:/tubespbo6/tubespbo4/web/payment1.jsp</file>
            <file>file:/D:/tubespbo6/tubespbo4/web/editor.jsp</file>
            <file>file:/D:/tubespbo6/tubespbo4/src/java/servlets/BusServlet.java</file>
            <file>file:/D:/tubespbo6/tubespbo4/src/java/servlets/signup.java</file>
            <file>file:/D:/tubespbo6/tubespbo4/src/java/models/Ticket.java</file>
            <file>file:/D:/tubespbo6/tubespbo4/src/java/dao/DBconnection.java</file>
            <file>file:/D:/tubespbo6/tubespbo4/web/mobileBanking.jsp</file>
            <file>file:/D:/tubespbo6/tubespbo4/web/confirmation.jsp</file>
            <file>file:/D:/tubespbo6/tubespbo4/src/java/models/Bus.java</file>
        </group>
    </open-files>
</project-private>
