<?xml version="1.0" encoding="UTF-8"?>
<project-private xmlns="http://www.netbeans.org/ns/project-private/1">
    <editor-bookmarks xmlns="http://www.netbeans.org/ns/editor-bookmarks/2" lastBookmarkId="0"/>
    <open-files xmlns="http://www.netbeans.org/ns/projectui-open-files/2">
        <group>
            <file>file:/C:/TELKOM/tubespbo4/src/java/dao/DBconnection.java</file>
            <file>file:/C:/TELKOM/tubespbo4/web/editor.jsp</file>
            <file>file:/C:/TELKOM/tubespbo4/src/java/servlets/editor.java</file>
        </group>
    </open-files>
</project-private>
